{"cameraMode":{"drawMode":0,"name":"Shaded","section":"Shading Mode"},"sceneLighting":true,"audioPlay":false,"sceneViewState":{"showFog":true,"showMaterialUpdate":false,"showSkybox":true,"showFlares":true,"showImageEffects":true,"showParticleSystems":true},"in2DMode":false,"pivot":{"x":-27.82691192626953,"y":19.21256446838379,"z":-28.20651626586914},"rotation":{"x":-0.2477121502161026,"y":-0.060105547308921817,"z":0.015407525934278965,"w":-0.9668558239936829},"size":6.141659736633301,"orthographic":false}